PC1	PC2	PC3	PC4	PC5	PC6	PC7	PC8	PC9	PC10	PC11	PC12	PC13	PC14	PC15	PC16	PC17	PC18	PC19	PC20	PC21	PC22	PC23	PC24	PC25	PC26	PC27	PC28	PC29	PC30	PC31	PC32	PC33	gene_ID
Standard deviation	100.796225111386	59.912474226585	51.2591132149562	42.0137501122307	31.7681601739757	28.6080990191171	27.032017443996	26.0489133178049	25.4199922812163	23.9327612269201	22.4972313656267	21.1997874587847	20.6506744238064	19.9102302754082	19.4699194512199	18.8144479901728	18.4531359027853	18.2306254413927	17.523642868085	17.333012059787	17.286041074862	16.9897611921108	16.7114396752236	16.3952175624087	15.6724642551706	15.3261308369213	15.100552893329	14.8032496463375	14.4257783299043	13.4717595520103	13.4164217597656	13.3199137140805	4.76628284163212e-13	Standard deviation
Proportion of Variance	0.34794	0.12293	0.08998	0.06045	0.03456	0.02803	0.02502	0.02324	0.02213	0.01962	0.01733	0.01539	0.0146	0.01358	0.01298	0.01212	0.01166	0.01138	0.01052	0.01029	0.01023	0.00989	0.00956	0.00921	0.00841	0.00804	0.00781	0.0075	0.00713	0.00622	0.00616	0.00608	0	Proportion of Variance
Cumulative Proportion	0.34794	0.47087	0.56085	0.6213	0.65586	0.68389	0.70892	0.73216	0.75429	0.7739	0.79123	0.80663	0.82123	0.83481	0.84779	0.85991	0.87157	0.88295	0.89347	0.90376	0.91399	0.92388	0.93344	0.94265	0.95106	0.9591	0.96691	0.97442	0.98154	0.98776	0.99392	1	1	Cumulative Proportion
